City_ID,City,Country,Date,Lat,Lng,Max Temp,Humidity,Cloudiness,Wind Speed
0,Albany,US,2021-07-20 17:20:58,42.6001,-73.9662,84.61,67,0,1.01
1,Jamestown,US,2021-07-20 17:18:20,42.097,-79.2353,83.08,65,20,4.0
2,Beringovskiy,RU,2021-07-20 17:20:58,63.05,179.3167,44.44,91,100,13.6
3,Xiaoweizhai,CN,2021-07-20 17:20:58,26.1903,107.5125,70.97,95,76,1.66
4,Rikitea,PF,2021-07-20 17:17:21,-23.1203,-134.9692,70.52,69,90,24.74
5,Geraldton,AU,2021-07-20 17:20:59,-28.7667,114.6,67.12,82,40,17.27
6,Vao,NC,2021-07-20 17:20:59,-22.6667,167.4833,70.09,83,28,9.31
7,Kibara,TZ,2021-07-20 17:20:59,-2.15,33.45,76.23,51,65,5.77
8,Santa Cruz Do Rio Pardo,BR,2021-07-20 17:21:00,-22.8989,-49.6325,70.72,19,100,7.45
9,Nizhnyaya Tavda,RU,2021-07-20 17:21:00,57.6731,66.1725,66.83,70,91,5.95
10,Fortuna,US,2021-07-20 17:18:46,40.5982,-124.1573,72.19,89,90,1.99
11,Krasnoyarskiy,RU,2021-07-20 17:21:00,51.965,59.8967,72.77,46,32,8.3
12,Bluff,NZ,2021-07-20 17:17:17,-46.6,168.3333,42.8,81,89,12.73
13,Airai,TL,2021-07-20 17:21:01,-8.9266,125.4092,55.67,81,21,3.6
14,Kodiak,US,2021-07-20 17:21:02,57.79,-152.4072,58.51,82,90,8.05
15,Katsuura,JP,2021-07-20 17:21:02,35.1333,140.3,80.11,85,16,4.56
16,Ushuaia,AR,2021-07-20 17:21:02,-54.8,-68.3,37.02,75,75,5.75
17,Yellowknife,CA,2021-07-20 17:16:52,62.456,-114.3525,70.29,61,75,3.44
18,Punta Arenas,CL,2021-07-20 17:20:05,-53.15,-70.9167,41.11,75,20,18.41
19,Nizhniy Kuranakh,RU,2021-07-20 17:21:03,58.8353,125.4869,63.84,95,61,4.99
20,Barrow,US,2021-07-20 17:17:35,71.2906,-156.7887,39.22,93,90,16.11
21,New Norfolk,AU,2021-07-20 17:21:04,-42.7826,147.0587,42.58,78,66,3.0
22,Qaanaaq,GL,2021-07-20 17:21:05,77.484,-69.3632,38.88,90,100,1.23
23,Manokwari,ID,2021-07-20 17:21:05,-0.8667,134.0833,78.71,77,99,3.22
24,Busselton,AU,2021-07-20 17:21:05,-33.65,115.3333,54.05,93,100,12.75
25,Poronaysk,RU,2021-07-20 17:21:06,49.2167,143.1167,54.27,93,27,4.88
26,Arlit,NE,2021-07-20 17:21:06,18.7369,7.3853,97.29,27,16,25.05
27,Mahebourg,MU,2021-07-20 17:21:06,-20.4081,57.7,70.09,88,75,18.41
28,Leningradskiy,RU,2021-07-20 17:21:07,69.3833,178.4167,34.72,85,100,5.88
29,Yerbogachen,RU,2021-07-20 17:21:07,61.2767,108.0108,62.35,71,46,2.66
30,Nelson Bay,AU,2021-07-20 17:21:07,-32.7167,152.15,52.75,77,96,3.0
31,Vaini,TO,2021-07-20 17:21:08,-21.2,-175.2,69.96,100,20,4.61
32,Ponta Do Sol,PT,2021-07-20 17:21:08,32.6667,-17.1,77.63,75,2,1.39
33,Virginia Beach,US,2021-07-20 17:21:08,36.8529,-75.978,87.04,60,75,6.91
34,Provideniya,RU,2021-07-20 17:21:09,64.3833,-173.3,47.5,95,100,1.23
35,Mayo,US,2021-07-20 17:21:09,38.8876,-76.5119,92.26,61,0,1.01
36,Cabo San Lucas,MX,2021-07-20 17:21:09,22.8909,-109.9124,96.8,38,20,0.0
37,Burns Lake,CA,2021-07-20 17:16:53,54.2331,-125.7533,53.02,67,45,2.46
38,Kapaa,US,2021-07-20 17:19:36,22.0752,-159.319,78.12,81,28,4.0
39,Talnakh,RU,2021-07-20 17:21:10,69.4865,88.3972,52.93,73,1,7.58
40,Chuy,UY,2021-07-20 17:21:10,-33.6971,-53.4616,55.36,55,0,11.43
41,Wum,CM,2021-07-20 17:21:10,6.3833,10.0667,68.76,94,100,2.73
42,Mount Isa,AU,2021-07-20 17:21:11,-20.7333,139.5,47.97,49,90,5.75
43,Kiruna,SE,2021-07-20 17:21:11,67.8557,20.2251,45.52,66,75,12.66
44,Ialibu,PG,2021-07-20 17:21:11,-6.2821,143.9935,56.14,98,99,1.41
45,Thompson,CA,2021-07-20 17:17:26,55.7435,-97.8558,69.96,43,40,3.44
46,Longyearbyen,SJ,2021-07-20 17:21:12,78.2186,15.6401,39.04,81,75,2.3
47,Touros,BR,2021-07-20 17:21:12,-5.1989,-35.4608,85.1,57,71,15.59
48,Umm Kaddadah,SD,2021-07-20 17:21:13,13.6017,26.6876,95.4,27,99,5.46
49,Saskylakh,RU,2021-07-20 17:21:13,71.9167,114.0833,55.27,72,99,6.46
50,Mataura,NZ,2021-07-20 17:21:13,-46.1927,168.8643,42.48,96,20,3.22
51,Corowa,AU,2021-07-20 17:21:13,-36.0333,146.3833,39.52,90,7,13.18
52,Bredasdorp,ZA,2021-07-20 17:21:14,-34.5322,20.0403,45.72,87,64,4.61
53,Upata,VE,2021-07-20 17:21:14,8.0086,-62.3989,83.19,63,77,7.7
54,Faanui,PF,2021-07-20 17:17:23,-16.4833,-151.75,78.76,75,58,23.11
55,Cabinda,AO,2021-07-20 17:21:14,-5.55,12.2,77.14,73,75,8.05
56,Arboledas,CO,2021-07-20 17:21:15,7.6423,-72.7994,80.76,43,9,5.86
57,Calama,CL,2021-07-20 17:18:31,-22.4667,-68.9333,73.89,6,24,14.97
58,Arraial Do Cabo,BR,2021-07-20 17:21:15,-22.9661,-42.0278,71.56,56,40,3.44
59,Mombetsu,JP,2021-07-20 17:21:16,44.3525,143.3525,67.86,97,93,0.72
60,Sao Paulo De Olivenca,BR,2021-07-20 17:21:16,-3.3783,-68.8725,79.07,64,99,1.43
61,Bambous Virieux,MU,2021-07-20 17:21:16,-20.3428,57.7575,70.05,88,75,18.41
62,Bengkulu,ID,2021-07-20 17:21:17,-3.8004,102.2655,75.99,91,26,4.32
63,Camopi,GF,2021-07-20 17:18:08,3.1655,-52.3158,90.07,49,28,3.11
64,San Pedro De Ycuamandiyu,PY,2021-07-20 17:21:17,-24.0917,-57.0764,67.87,25,75,1.41
65,Shimoda,JP,2021-07-20 17:21:17,34.6667,138.95,75.11,84,3,0.89
66,Chokurdakh,RU,2021-07-20 17:17:25,70.6333,147.9167,54.46,93,95,9.26
67,Huilong,CN,2021-07-20 17:21:18,31.8111,121.655,80.98,88,31,15.1
68,Fort Frances,CA,2021-07-20 17:21:18,48.5999,-93.4003,71.17,72,90,6.91
69,Tiarei,PF,2021-07-20 17:21:18,-17.5333,-149.3333,73.42,80,17,24.67
70,Malakal,SS,2021-07-20 17:21:19,9.5334,31.6605,74.35,89,100,4.79
71,Malchevskaya,RU,2021-07-20 17:21:19,49.0552,40.3625,84.51,47,16,10.33
72,Kaspiysk,RU,2021-07-20 17:21:19,42.8816,47.6392,80.24,74,22,7.0
73,Hermanus,ZA,2021-07-20 17:21:20,-34.4187,19.2345,50.9,70,35,5.75
74,Tasiilaq,GL,2021-07-20 17:21:20,65.6145,-37.6368,41.45,95,99,6.11
75,Avarua,CK,2021-07-20 17:17:19,-21.2078,-159.775,75.25,94,75,17.27
76,Ternate,ID,2021-07-20 17:17:24,0.8,127.4,79.65,82,87,4.85
77,Hilo,US,2021-07-20 17:21:21,19.7297,-155.09,74.62,93,90,0.0
78,Derzhavinsk,KZ,2021-07-20 17:21:21,51.1,66.3167,68.85,58,37,9.4
79,Tiksi,RU,2021-07-20 17:21:21,71.6872,128.8694,42.19,84,98,7.94
80,Am Timan,TD,2021-07-20 17:21:22,11.0297,20.2827,77.74,74,66,4.27
81,Poum,NC,2021-07-20 17:21:22,-20.2333,164.0167,70.66,77,4,9.17
82,Upernavik,GL,2021-07-20 17:21:22,72.7868,-56.1549,40.71,87,100,10.02
83,Aksu,CN,2021-07-20 17:21:23,41.1231,80.2644,78.73,38,100,7.78
84,Bethel,US,2021-07-20 17:21:23,41.3712,-73.414,85.41,70,1,1.99
85,Nanortalik,GL,2021-07-20 17:21:23,60.1432,-45.2371,48.51,70,100,15.43
86,Bahir Dar,ET,2021-07-20 17:21:24,11.5936,37.3908,63.45,92,100,7.9
87,Henties Bay,NA,2021-07-20 17:21:24,-22.116,14.2845,58.86,86,8,13.49
88,Atuona,PF,2021-07-20 17:21:24,-9.8,-139.0333,77.36,73,43,24.25
89,Pevek,RU,2021-07-20 17:21:25,69.7008,170.3133,39.6,81,92,3.22
90,Sungairaya,ID,2021-07-20 17:21:25,0.7,108.9,78.64,87,46,3.47
91,Georgetown,MY,2021-07-20 17:21:25,5.4112,100.3354,82.89,79,20,2.3
92,Codrington,AU,2021-07-20 17:21:26,-38.2667,141.9667,50.07,65,99,13.82
93,Khatanga,RU,2021-07-20 17:21:26,71.9667,102.5,54.66,76,95,9.26
94,Cherskiy,RU,2021-07-20 17:21:26,68.75,161.3,55.26,51,100,6.6
95,Bol,TD,2021-07-20 17:21:27,13.4586,14.7147,81.82,69,64,0.54
96,Tuktoyaktuk,CA,2021-07-20 17:21:27,69.4541,-133.0374,71.6,56,1,14.97
97,Vega De Alatorre,MX,2021-07-20 17:21:27,20.0333,-96.6333,84.61,66,21,6.29
98,Pisco,PE,2021-07-20 17:21:28,-13.7,-76.2167,62.02,94,75,3.44
99,Mar Del Plata,AR,2021-07-20 17:21:28,-38.0023,-57.5575,62.62,48,0,14.97
100,Atar,MR,2021-07-20 17:21:28,20.5169,-13.0499,112.62,5,4,11.88
101,Nago,JP,2021-07-20 17:21:29,26.5881,127.9761,81.45,93,100,34.11
102,Rantepao,ID,2021-07-20 17:21:29,-2.9701,119.8978,66.09,97,99,2.15
103,Port Elizabeth,ZA,2021-07-20 17:21:29,-33.918,25.5701,55.69,88,90,28.77
104,Mareeba,AU,2021-07-20 17:21:30,-17.0,145.4333,65.12,96,100,2.04
105,Saint George,US,2021-07-20 17:21:02,37.1041,-113.5841,91.94,41,1,3.0
106,Alice Springs,AU,2021-07-20 17:21:30,-23.7,133.8833,45.95,53,5,5.75
107,Ostrovnoy,RU,2021-07-20 17:21:30,68.0531,39.5131,46.24,88,100,5.88
108,Butaritari,KI,2021-07-20 17:21:30,3.0707,172.7902,82.08,75,100,6.76
109,Kulhudhuffushi,MV,2021-07-20 17:21:31,6.6221,73.07,82.42,76,45,13.02
110,Salalah,OM,2021-07-20 17:16:40,17.0151,54.0924,78.89,89,75,6.91
111,Castro,BR,2021-07-20 17:17:26,-24.7911,-50.0119,60.12,37,58,3.58
112,Faya,SA,2021-07-20 17:21:31,18.3851,42.4509,66.31,78,100,4.9
113,Broken Hill,AU,2021-07-20 17:21:32,-31.95,141.4333,39.29,74,1,11.21
114,San Pedro,PH,2021-07-20 17:21:32,14.35,121.0167,78.35,92,100,10.07
115,Raton,US,2021-07-20 17:16:36,36.9034,-104.4391,79.14,45,1,4.61
116,Hithadhoo,MV,2021-07-20 17:21:32,-0.6,73.0833,81.23,78,97,10.65
117,Grindavik,IS,2021-07-20 17:21:33,63.8424,-22.4338,54.07,87,75,12.66
118,Diffa,NE,2021-07-20 17:21:33,13.3154,12.6113,96.48,28,61,2.53
119,Lashio,MM,2021-07-20 17:21:33,22.9333,97.75,69.19,99,79,2.15
120,Ribeira Grande,PT,2021-07-20 17:21:34,38.5167,-28.7,73.8,73,20,18.41
121,Hasaki,JP,2021-07-20 17:21:34,35.7333,140.8333,73.8,85,16,4.92
122,Talakan,RU,2021-07-20 17:21:34,50.3167,130.3667,69.69,97,56,3.53
123,Hurghada,EG,2021-07-20 17:20:41,27.2574,33.8129,95.14,31,6,18.28
124,Hobart,AU,2021-07-20 17:21:00,-42.8794,147.3294,42.93,81,28,5.01
125,Jos,NG,2021-07-20 17:21:35,9.9167,8.9,71.78,83,90,3.22
126,Kavaratti,IN,2021-07-20 17:19:16,10.5669,72.642,82.13,78,72,15.46
127,Margate,GB,2021-07-20 17:21:35,51.3813,1.3862,74.1,72,13,1.99
128,Ordzhonikidze,KZ,2021-07-20 17:21:35,52.4411,61.7408,69.66,57,14,8.14
129,Portland,US,2021-07-20 17:18:29,45.5234,-122.6762,68.9,75,90,1.01
130,North Myrtle Beach,US,2021-07-20 17:21:36,33.816,-78.68,86.11,74,90,1.99
131,Anadyr,RU,2021-07-20 17:21:36,64.75,177.4833,45.1,93,75,4.0
132,Charleston,US,2021-07-20 17:19:41,32.7766,-79.9309,88.02,80,90,4.0
133,Joensuu,FI,2021-07-20 17:21:37,62.6012,29.7632,61.29,62,0,9.22
134,Rio Gallegos,AR,2021-07-20 17:21:37,-51.6226,-69.2181,41.05,75,40,20.71
135,Saint-Philippe,RE,2021-07-20 17:17:28,-21.3585,55.7679,71.19,82,37,16.15
136,Nikolskoye,RU,2021-07-20 17:21:37,59.7035,30.7861,69.69,54,87,4.97
137,Joshimath,IN,2021-07-20 17:19:16,30.5667,79.5667,70.5,94,100,0.78
138,Hokitika,NZ,2021-07-20 17:21:38,-42.7167,170.9667,47.48,88,100,5.75
139,Cape Town,ZA,2021-07-20 17:21:38,-33.9258,18.4232,53.35,76,40,6.91
140,Marabba,SD,2021-07-20 17:21:38,12.35,32.1833,82.29,66,99,14.97
141,Marystown,CA,2021-07-20 17:21:39,47.1666,-55.1483,65.17,98,100,11.77
142,Kaitangata,NZ,2021-07-20 17:21:39,-46.2817,169.8464,41.94,83,41,4.52
143,Kaseda,JP,2021-07-20 17:21:39,31.4167,130.3167,78.22,79,98,16.28
144,Gondar,ET,2021-07-20 17:21:40,12.6,37.4667,57.54,94,100,3.69
145,Okhotsk,RU,2021-07-20 17:21:40,59.3833,143.3,54.73,89,83,6.8
146,San Cristobal,VE,2021-07-20 17:21:40,7.7669,-72.225,80.78,53,34,9.08
147,Kathu,TH,2021-07-20 17:21:41,7.9178,98.3332,84.69,86,99,13.91
148,Venkatagiri,IN,2021-07-20 17:21:41,13.9667,79.5833,86.0,56,96,17.25
149,Praia Da Vitoria,PT,2021-07-20 17:21:41,38.7333,-27.0667,77.25,65,20,12.64
150,Aklavik,CA,2021-07-20 17:21:42,68.2191,-135.0107,76.03,60,1,11.5
151,Pacific Grove,US,2021-07-20 17:19:09,36.6177,-121.9166,74.16,89,90,3.0
152,Lebu,CL,2021-07-20 17:17:38,-37.6167,-73.65,57.2,83,100,11.01
153,Mehamn,NO,2021-07-20 17:21:42,71.0357,27.8492,44.55,70,75,13.8
154,Rosetta,EG,2021-07-20 17:21:43,31.4044,30.4164,85.82,71,0,13.91
155,Mount Gambier,AU,2021-07-20 17:21:43,-37.8333,140.7667,47.07,70,87,7.76
156,Jiangyou,CN,2021-07-20 17:21:43,31.7667,104.7167,73.44,91,24,4.03
157,Port Alfred,ZA,2021-07-20 17:21:44,-33.5906,26.891,59.99,76,96,21.74
158,Kyshtovka,RU,2021-07-20 17:21:44,56.555,76.6271,60.44,83,9,1.52
159,Tommot,RU,2021-07-20 17:21:44,58.9564,126.2925,65.48,93,78,3.42
160,Broome,US,2021-07-20 17:21:45,42.2506,-75.833,84.2,61,40,1.01
161,Darlawn,IN,2021-07-20 17:21:45,24.0167,92.9,69.75,99,100,1.63
162,Saldanha,ZA,2021-07-20 17:21:45,-33.0117,17.9442,50.05,59,16,13.06
163,Aguimes,ES,2021-07-20 17:21:46,27.9054,-15.4461,75.67,67,20,29.93
164,Naryan-Mar,RU,2021-07-20 17:21:46,67.6713,53.087,57.4,77,99,6.85
165,Jasper,US,2021-07-20 17:21:46,37.2001,-94.3502,82.24,62,40,1.99
166,Lata,PT,2021-07-20 17:21:46,40.1629,-8.3327,74.35,54,12,10.65
167,Coquimbo,CL,2021-07-20 17:21:47,-29.9533,-71.3436,53.33,82,20,5.75
168,San Ramon,US,2021-07-20 17:21:47,37.7799,-121.978,79.09,66,1,5.01
169,Atambua,ID,2021-07-20 17:21:47,-9.1061,124.8925,69.6,90,31,5.95
170,Vila Velha,BR,2021-07-20 17:21:48,-20.3297,-40.2925,74.97,49,0,21.85
171,Farafangana,MG,2021-07-20 17:21:48,-22.8167,47.8333,68.54,88,17,8.84
172,Sao Joao Da Barra,BR,2021-07-20 17:21:48,-21.6403,-41.0511,73.49,48,14,17.05
173,Trofors,NO,2021-07-20 17:21:49,65.5333,13.4063,51.67,83,100,5.48
174,Wattegama,LK,2021-07-20 17:20:17,6.7989,81.4808,78.8,66,99,5.7
175,Cockburn Town,TC,2021-07-20 17:21:49,21.4612,-71.1419,85.96,66,40,13.8
176,Jiaxing,CN,2021-07-20 17:21:49,30.7522,120.75,82.42,94,24,6.89
177,Barahona,DO,2021-07-20 17:21:50,18.2085,-71.1008,89.42,66,20,16.11
178,Kostomuksha,RU,2021-07-20 17:21:50,64.571,30.5767,54.82,51,88,9.6
179,Tolaga Bay,NZ,2021-07-20 17:21:50,-38.3667,178.3,47.41,84,100,5.1
180,Buchanan,LR,2021-07-20 17:21:51,5.8808,-10.0467,76.96,75,95,11.77
181,Saint Anthony,US,2021-07-20 17:19:06,45.0205,-93.218,87.15,57,1,3.0
182,Kitui,KE,2021-07-20 17:21:51,-1.367,38.0106,73.54,40,98,14.72
183,Camacha,PT,2021-07-20 17:21:51,33.0833,-16.3333,74.16,60,20,12.66
184,Malkerns,SZ,2021-07-20 17:21:52,-26.5667,31.1833,58.68,35,0,4.56
185,Riyadh,SA,2021-07-20 17:18:20,24.6877,46.7219,104.14,13,100,9.71
186,East London,ZA,2021-07-20 17:17:33,-33.0153,27.9116,59.94,82,20,16.11
187,Cam Ranh,VN,2021-07-20 17:21:52,11.9214,109.1591,84.16,61,40,9.22
188,Sistranda,NO,2021-07-20 17:21:52,63.7256,8.834,53.56,75,100,15.55
189,Kamskiye Polyany,RU,2021-07-20 17:21:53,55.4307,51.4171,67.01,87,52,3.51
190,Chimbote,PE,2021-07-20 17:21:53,-9.0853,-78.5783,69.04,70,67,7.78
191,Kilindoni,TZ,2021-07-20 17:21:53,-7.9139,39.6668,76.77,81,24,18.03
192,Pochutla,MX,2021-07-20 17:21:54,15.7432,-96.4661,92.82,50,84,5.01
193,Kavali,IN,2021-07-20 17:21:54,14.9167,79.9833,86.7,56,100,20.85
194,Bilasipara,IN,2021-07-20 17:21:54,26.232,90.2347,81.27,89,92,3.94
195,Mahajanga,MG,2021-07-20 17:21:55,-15.7167,46.3167,80.62,44,0,8.05
196,Torbay,CA,2021-07-20 17:21:55,47.6666,-52.7314,77.77,88,75,18.41
197,Gabu,GW,2021-07-20 17:21:56,12.2833,-14.2167,88.25,67,90,4.94
198,Sisimiut,GL,2021-07-20 17:21:56,66.9395,-53.6735,48.34,69,99,8.14
199,Karratha,AU,2021-07-20 17:21:56,-20.7377,116.8463,70.57,72,96,7.61
200,Amahai,ID,2021-07-20 17:21:57,-3.3333,128.9167,76.71,91,83,2.15
201,Privolzhye,RU,2021-07-20 17:21:57,52.8649,48.6044,67.5,92,54,5.84
202,Wanaka,NZ,2021-07-20 17:21:57,-44.7,169.15,34.03,91,88,4.23
203,Avdiyivka,UA,2021-07-20 17:21:58,48.1399,37.7426,84.25,49,1,7.34
204,Little Current,CA,2021-07-20 17:21:58,45.9793,-81.9248,68.09,89,89,16.17
205,Marquette,US,2021-07-20 17:21:13,46.5333,-87.6335,55.76,88,100,12.41
206,Sokoni,TZ,2021-07-20 17:21:58,-6.4333,39.55,76.75,80,9,18.88
207,Omsukchan,RU,2021-07-20 17:21:59,62.5333,155.8,58.12,55,100,3.85
208,Bowen,AU,2021-07-20 17:21:59,-20.0167,148.2333,60.46,41,67,9.53
209,Vestmanna,FO,2021-07-20 17:21:59,62.1564,-7.1664,50.92,100,90,6.91
210,Luderitz,NA,2021-07-20 17:22:00,-26.6481,15.1594,57.74,62,64,28.97
211,Cochrane,CA,2021-07-20 17:22:00,51.1834,-114.4687,68.27,88,90,9.22
212,Dunedin,NZ,2021-07-20 17:21:54,-45.8742,170.5036,41.81,78,77,4.56
213,Huntsville,US,2021-07-20 17:20:19,34.7304,-86.5861,80.82,85,90,1.01
214,Rivers,CA,2021-07-20 17:22:00,50.0308,-100.2403,65.35,71,100,15.82
215,Salinopolis,BR,2021-07-20 17:22:01,-0.6136,-47.3561,82.9,75,22,8.95
216,Kibaya,TZ,2021-07-20 17:22:01,-5.3,36.5667,62.92,51,46,8.9
217,Hue,VN,2021-07-20 17:17:41,16.4667,107.6,84.31,74,20,1.14
218,Udimskiy,RU,2021-07-20 17:22:01,61.1417,45.9144,61.77,64,86,3.69
219,Lieksa,FI,2021-07-20 17:22:02,63.3167,30.0167,58.44,56,95,12.44
220,Kuyanovo,RU,2021-07-20 17:22:02,55.8014,54.5372,70.36,82,84,8.16
221,Uige,AO,2021-07-20 17:22:03,-7.6087,15.0613,77.76,29,0,3.76
222,Sinnamary,GF,2021-07-20 17:22:03,5.3833,-52.95,83.82,71,27,7.14
223,Carnarvon,AU,2021-07-20 17:22:03,-24.8667,113.6333,69.87,87,90,9.22
224,Pinega,RU,2021-07-20 17:22:04,64.7001,43.3936,56.88,79,100,4.0
225,Marsh Harbour,BS,2021-07-20 17:22:04,26.5412,-77.0636,84.06,74,90,13.8
226,Worland,US,2021-07-20 17:22:04,44.0169,-107.9554,85.68,36,1,3.44
227,Verkhoyansk,RU,2021-07-20 17:22:05,67.5447,133.385,58.06,68,100,7.27
228,Dillon,US,2021-07-20 17:22:05,34.4166,-79.3712,84.94,67,91,3.33
229,Villany,HU,2021-07-20 17:22:05,45.8689,18.4539,79.41,51,0,8.32
230,Tsiroanomandidy,MG,2021-07-20 17:22:06,-18.7667,46.0333,68.92,55,78,7.27
231,Wapi Pathum,TH,2021-07-20 17:22:06,15.8452,103.3768,82.33,77,100,12.08
232,Zheshart,RU,2021-07-20 17:22:06,62.0731,49.5733,63.18,52,65,2.46
233,Olafsvik,IS,2021-07-20 17:22:07,64.8945,-23.7142,53.22,91,98,14.7
234,Christchurch,NZ,2021-07-20 17:18:05,-43.5333,172.6333,48.47,91,100,3.0
235,Jatiroto,ID,2021-07-20 17:22:07,-7.8833,111.1167,73.44,84,42,0.43
236,Olinda,BR,2021-07-20 17:22:08,-8.0089,-34.8553,78.53,69,75,9.22
237,El Cobre,CU,2021-07-20 17:22:08,20.0489,-75.9469,87.24,74,40,11.5
238,Marzuq,YE,2021-07-20 17:22:09,14.4,46.4667,81.0,58,84,9.01
239,Eidfjord,NO,2021-07-20 17:22:09,60.4675,7.0719,72.59,60,100,5.75
240,Booue,GA,2021-07-20 17:22:09,-0.0921,11.9385,87.67,45,41,0.96
241,Senador Jose Porfirio,BR,2021-07-20 17:22:10,-2.5908,-51.9542,90.32,49,22,1.01
242,Homer,US,2021-07-20 17:22:10,59.6425,-151.5483,57.09,82,90,0.0
243,Milyutinskaya,RU,2021-07-20 17:22:10,48.6279,41.6679,93.67,39,20,8.97
244,Porto Belo,BR,2021-07-20 17:22:11,-27.1578,-48.5531,67.78,60,11,7.63
245,Alofi,NU,2021-07-20 17:22:11,-19.0595,-169.9187,69.69,94,8,4.61
246,Gold Coast,AU,2021-07-20 17:22:11,-28.0,153.4333,54.16,67,59,1.01
247,Ancud,CL,2021-07-20 17:17:31,-41.8697,-73.8203,53.13,88,84,2.53
248,Pelym,RU,2021-07-20 17:22:12,61.0108,61.9978,65.28,93,93,0.87
249,Ozu,JP,2021-07-20 17:22:12,33.5,132.55,76.17,87,79,3.94
250,Yulara,AU,2021-07-20 17:22:13,-25.2406,130.9889,55.24,47,0,6.91
251,Ustye,RU,2021-07-20 17:22:13,59.6304,39.736,67.12,47,59,9.75
252,Tadine,NC,2021-07-20 17:22:13,-21.55,167.8833,70.92,88,0,2.8
253,El Colomo,MX,2021-07-20 17:22:14,19.05,-104.25,87.78,57,50,4.25
254,Grand Forks,US,2021-07-20 17:20:26,47.9417,-97.4337,73.33,86,75,6.91
255,Vanino,RU,2021-07-20 17:22:14,49.0869,140.2543,60.3,91,98,2.21
256,Half Moon Bay,US,2021-07-20 17:22:14,37.4636,-122.4286,77.14,73,40,0.0
257,Kirakira,SB,2021-07-20 17:22:15,-10.4544,161.9205,77.07,85,97,6.89
258,Kalmunai,LK,2021-07-20 17:22:15,7.4167,81.8167,82.0,65,97,6.33
259,Coihaique,CL,2021-07-20 17:22:15,-45.5752,-72.0662,50.61,66,40,5.75
260,Humberto De Campos,BR,2021-07-20 17:22:16,-2.5983,-43.4611,85.77,66,37,6.89
261,Moree,AU,2021-07-20 17:22:16,-29.4667,149.85,46.42,81,75,19.57
262,Ishigaki,JP,2021-07-20 17:22:16,24.3448,124.1572,84.2,79,63,29.3
263,Ishinomaki,JP,2021-07-20 17:22:17,38.4167,141.3,73.29,88,58,2.46
264,Helong,CN,2021-07-20 17:22:17,42.5397,128.9972,69.46,96,97,3.56
265,Tapes,BR,2021-07-20 17:22:17,-30.6733,-51.3958,59.92,44,1,2.55
266,Zhanaozen,KZ,2021-07-20 17:22:18,43.3,52.8,91.22,26,0,16.98
267,Baruun-Urt,MN,2021-07-20 17:22:18,46.6806,113.2792,71.82,64,82,10.16
268,Mnogovershinnyy,RU,2021-07-20 17:22:18,53.9353,139.9242,64.63,60,100,5.77
269,Cidreira,BR,2021-07-20 17:22:18,-30.1811,-50.2056,59.7,46,4,8.48
270,Ahlat,TR,2021-07-20 17:22:19,38.7518,42.4814,78.98,32,18,2.17
271,Komsomolskiy,UZ,2021-07-20 17:22:19,40.4272,71.7189,81.32,34,93,11.5
272,Gawler,AU,2021-07-20 17:22:19,-34.6,138.7333,45.36,88,8,3.11
273,Apagy,HU,2021-07-20 17:22:20,47.9643,21.9354,73.27,68,72,14.14
274,Esperance,AU,2021-07-20 17:22:20,-33.8667,121.9,53.44,92,100,18.86
275,Cagliari,IT,2021-07-20 17:22:20,39.245,9.0912,89.69,48,0,8.05
276,Waingapu,ID,2021-07-20 17:22:21,-9.6567,120.2641,74.08,86,61,8.01
277,Chalchihuites,MX,2021-07-20 17:22:21,23.4833,-103.8833,71.26,47,2,4.16
278,Grimma,DE,2021-07-20 17:22:21,51.2333,12.7167,69.15,61,71,6.33
279,Tessalit,ML,2021-07-20 17:22:22,20.1986,1.0114,108.73,12,82,18.84
280,Naze,JP,2021-07-20 17:22:22,28.3667,129.4833,76.69,90,100,31.56
281,Sept-Iles,CA,2021-07-20 17:17:28,50.2001,-66.3821,73.92,60,40,5.99
282,Lagoa,PT,2021-07-20 17:22:22,39.05,-27.9833,68.67,85,96,22.35
283,Puerto Ayora,EC,2021-07-20 17:22:23,-0.7393,-90.3518,84.16,87,96,11.01
284,Tautira,PF,2021-07-20 17:22:23,-17.7333,-149.15,73.42,81,37,23.98
285,Krasnoselkup,RU,2021-07-20 17:22:23,65.7,82.4667,53.91,62,14,5.44
286,Trelew,AR,2021-07-20 17:22:23,-43.249,-65.3051,58.73,32,70,20.54
287,Ati,TD,2021-07-20 17:22:24,13.2154,18.3353,89.92,42,100,4.41
288,San Quintin,MX,2021-07-20 17:22:24,30.4833,-115.95,74.98,70,55,11.1
289,Keflavik,IS,2021-07-20 17:22:24,64.0049,-22.5624,54.03,87,75,12.66
290,Iqaluit,CA,2021-07-20 17:21:09,63.7506,-68.5145,41.7,86,90,8.01
291,Martapura,ID,2021-07-20 17:22:25,-3.4167,114.85,75.29,100,90,4.61
292,Wangqing,CN,2021-07-20 17:22:25,43.3218,129.7634,71.94,98,100,0.34
293,Richards Bay,ZA,2021-07-20 17:22:25,-28.783,32.0377,67.28,65,0,10.25
294,Limerick,IE,2021-07-20 17:22:26,52.6647,-8.6231,83.08,52,5,3.85
295,Ryotsu,JP,2021-07-20 17:22:26,38.0833,138.4333,77.54,85,61,6.17
296,Gat,IL,2021-07-20 17:21:02,31.61,34.7642,83.8,9,0,11.68
297,Bandarbeyla,SO,2021-07-20 17:22:27,9.4942,50.8122,76.78,81,93,28.9
298,Moletai,LT,2021-07-20 17:22:27,55.2333,25.4167,73.69,66,10,5.08
299,Teguldet,RU,2021-07-20 17:22:27,57.3064,88.1667,60.82,73,92,2.28
300,Asyut,EG,2021-07-20 17:22:28,27.181,31.1837,102.38,12,0,8.68
301,Akureyri,IS,2021-07-20 17:22:28,65.6835,-18.0878,78.73,34,0,9.22
302,Dingle,PH,2021-07-20 17:22:28,10.9995,122.6711,77.81,87,100,8.95
303,Bathsheba,BB,2021-07-20 17:22:28,13.2167,-59.5167,86.61,70,20,20.71
304,Hami,CN,2021-07-20 17:22:29,42.8,93.45,72.09,56,1,4.7
305,Copiapo,CL,2021-07-20 17:22:29,-27.3667,-70.3333,55.09,9,0,4.41
306,Mandalgovi,MN,2021-07-20 17:22:29,45.7625,106.2708,68.32,67,100,12.15
307,Sena Madureira,BR,2021-07-20 17:22:30,-9.0656,-68.6569,87.64,30,7,4.29
308,Caravelas,BR,2021-07-20 17:22:30,-17.7125,-39.2481,72.19,67,100,15.05
309,Mucurapo,TT,2021-07-20 17:22:30,10.6667,-61.5333,89.65,63,64,14.05
310,Elat,IL,2021-07-20 17:22:31,29.5581,34.9482,100.24,17,0,18.41
311,Atbasar,KZ,2021-07-20 17:22:31,51.8,68.3333,64.71,64,27,8.34
312,Bichena,ET,2021-07-20 17:22:31,10.45,38.2,56.14,89,100,3.91
313,Port Lincoln,AU,2021-07-20 17:22:32,-34.7333,135.8667,52.14,58,100,5.21
314,Buala,SB,2021-07-20 17:22:32,-8.145,159.5921,78.49,86,73,5.28
315,Koygorodok,RU,2021-07-20 17:22:32,60.445,50.9968,64.13,67,100,2.33
316,Port Hedland,AU,2021-07-20 17:22:33,-20.3167,118.5667,64.45,77,90,6.91
317,Acarau,BR,2021-07-20 17:22:33,-2.8856,-40.12,85.03,65,32,18.9
318,Ixtapa,MX,2021-07-20 17:22:33,20.7,-105.2,87.22,70,1,2.3
319,Thinadhoo,MV,2021-07-20 17:22:34,0.5333,72.9333,82.63,75,100,9.15
320,Cairns,AU,2021-07-20 17:21:26,-16.9167,145.7667,69.75,93,75,5.75
321,At-Bashi,KG,2021-07-20 17:22:34,41.1702,75.8106,62.15,59,100,2.71
322,Ginir,ET,2021-07-20 17:22:34,7.1333,40.7,64.65,61,92,14.14
323,Shache,CN,2021-07-20 17:22:35,38.4167,77.2406,76.24,40,93,4.68
324,Wewak,PG,2021-07-20 17:22:35,-3.5534,143.6268,77.0,90,100,3.51
325,Zyryanka,RU,2021-07-20 17:22:35,65.75,150.85,61.48,77,90,4.27
326,Nouadhibou,MR,2021-07-20 17:22:36,20.931,-17.0347,82.38,74,5,11.5
327,Mahibadhoo,MV,2021-07-20 17:22:36,3.7833,72.9667,82.13,77,72,9.24
328,Hobyo,SO,2021-07-20 17:22:36,5.3505,48.5268,77.34,78,29,27.67
329,Maragogi,BR,2021-07-20 17:22:37,-9.0122,-35.2225,79.59,69,28,10.04
330,Ariquemes,BR,2021-07-20 17:22:37,-9.9133,-63.0408,91.71,27,5,5.01
331,Saint-Augustin,CA,2021-07-20 17:22:37,51.226,-58.6502,71.78,62,79,8.68
332,Barcelona,ES,2021-07-20 17:21:57,41.3888,2.159,91.35,66,20,1.01
333,Guozhen,CN,2021-07-20 17:22:37,34.3659,107.359,72.16,88,94,5.57
334,Tateyama,JP,2021-07-20 17:22:38,34.9833,139.8667,80.02,83,33,3.83
335,Sao Miguel Do Araguaia,BR,2021-07-20 17:21:09,-13.275,-50.1628,96.62,18,4,5.32
336,Sioux Lookout,CA,2021-07-20 17:22:38,50.1001,-91.917,66.58,42,20,9.22
337,Manaus,BR,2021-07-20 17:22:39,-3.1019,-60.025,84.7,70,40,5.75
338,Bomi,SL,2021-07-20 17:22:39,7.2461,-11.5258,78.67,87,68,7.07
339,Gornopravdinsk,RU,2021-07-20 17:22:39,60.05,69.9,65.55,67,91,5.53
340,Muros,ES,2021-07-20 17:22:40,42.7762,-9.0603,78.15,78,94,13.44
341,Saint-Leu,RE,2021-07-20 17:22:40,-21.15,55.2833,70.66,68,26,3.98
342,Biak,ID,2021-07-20 17:22:40,-0.9131,122.8766,74.61,88,54,6.44
343,Igarka,RU,2021-07-20 17:22:40,67.4667,86.5833,51.53,68,15,7.18
344,Manggar,ID,2021-07-20 17:22:41,-2.8833,108.2667,80.62,81,68,6.91
345,Namie,JP,2021-07-20 17:22:41,37.4833,141.0,75.78,97,7,3.51
346,Iquitos,PE,2021-07-20 17:22:41,-3.7481,-73.2472,82.44,65,75,6.91
347,Mulege,MX,2021-07-20 17:22:42,26.8833,-111.9833,92.88,39,16,6.29
348,Lompoc,US,2021-07-20 17:22:42,34.6391,-120.4579,87.13,82,90,4.61
349,Rio Grande,BR,2021-07-20 17:22:42,-32.035,-52.0986,60.94,50,0,8.79
350,Piacabucu,BR,2021-07-20 17:22:43,-10.4056,-36.4344,79.23,71,96,11.27
351,Sombrio,BR,2021-07-20 17:22:43,-29.1139,-49.6167,69.93,50,24,5.39
352,Gayny,RU,2021-07-20 17:22:43,60.3071,54.3241,64.15,92,100,2.68
353,Isabela,PH,2021-07-20 17:22:43,6.7085,121.9711,78.64,84,99,3.36
354,Sawtell,AU,2021-07-20 17:22:44,-30.3833,153.1,46.18,93,59,5.75
355,Severo-Kurilsk,RU,2021-07-20 17:22:44,50.6789,156.125,49.8,92,35,4.63
356,Corinto,GR,2021-07-20 17:22:44,37.9407,22.9573,89.02,60,47,4.27
357,Kvarkeno,RU,2021-07-20 17:22:45,52.0833,59.725,73.11,47,26,8.72
358,Bayas,PH,2021-07-20 17:22:45,11.4336,123.1816,81.39,80,100,17.18
359,Vanavara,RU,2021-07-20 17:22:45,60.34,102.2797,55.56,96,71,2.3
360,Sobolevo,RU,2021-07-20 17:22:46,54.4299,31.8996,68.97,69,83,5.55
361,Broni,IT,2021-07-20 17:22:46,45.0655,9.2623,95.25,41,54,6.2
362,Kavieng,PG,2021-07-20 17:22:46,-2.5744,150.7967,80.71,79,100,2.98
363,Kutum,SD,2021-07-20 17:22:47,14.2,24.6667,86.52,32,70,6.76
364,Pasighat,IN,2021-07-20 17:22:47,28.0667,95.3333,80.19,95,92,2.66
365,Erzin,TR,2021-07-20 17:22:47,36.9559,36.2,84.92,79,0,6.78
366,Calamar,CO,2021-07-20 17:22:47,10.2511,-74.9146,91.35,38,80,6.24
367,Dikson,RU,2021-07-20 17:22:31,73.5069,80.5464,47.46,67,100,11.81
368,Emba,KZ,2021-07-20 17:22:48,48.8264,58.1442,85.87,26,47,11.18
369,Slavyanka,RU,2021-07-20 17:22:48,42.8633,131.3847,73.69,96,87,3.31
370,Pangnirtung,CA,2021-07-20 17:22:49,66.1451,-65.7125,46.4,87,90,0.0
371,Chumikan,RU,2021-07-20 17:22:49,54.7183,135.315,59.65,82,100,3.36
372,Aykhal,RU,2021-07-20 17:22:49,66.0,111.5,62.56,60,100,5.1
373,Ayan,RU,2021-07-20 17:22:50,56.45,138.1667,57.97,84,100,3.94
374,Nanakuli,US,2021-07-20 17:22:50,21.3906,-158.1547,78.75,69,1,3.44
375,Opuwo,NA,2021-07-20 17:22:50,-18.0607,13.84,67.71,24,0,3.71
376,Inverness,GB,2021-07-20 17:21:07,57.4791,-4.224,69.71,64,20,12.66
377,Lasa,IT,2021-07-20 17:22:51,46.6166,10.7002,80.51,43,5,2.21
378,Kismayo,SO,2021-07-20 17:22:51,-0.3582,42.5454,76.91,79,39,17.63
379,Xinzhou,CN,2021-07-20 17:22:51,38.4092,112.7333,68.81,84,88,2.01
380,Cassilandia,BR,2021-07-20 17:22:52,-19.1133,-51.7342,77.59,7,62,6.55
381,Khani,GE,2021-07-20 17:22:52,41.9563,42.9566,76.57,55,0,4.25
382,La Ronge,CA,2021-07-20 17:19:01,55.1001,-105.2842,66.42,72,90,8.05
383,Toora-Khem,RU,2021-07-20 17:22:52,52.4675,96.11,59.49,71,39,0.74
384,Antalaha,MG,2021-07-20 17:22:53,-14.9003,50.2788,70.11,90,36,9.78
385,Ulladulla,AU,2021-07-20 17:22:53,-35.35,150.4667,50.09,70,100,18.5
386,Rzeszow,PL,2021-07-20 17:22:53,50.0413,21.999,71.62,56,0,11.5
387,Senekal,ZA,2021-07-20 17:22:53,-28.3197,27.6208,44.6,25,22,3.89
388,Yar-Sale,RU,2021-07-20 17:22:36,66.8333,70.8333,65.82,53,89,12.01
389,Los Llanos De Aridane,ES,2021-07-20 17:22:54,28.6585,-17.9182,71.35,69,20,14.97
390,Zhangjiakou,CN,2021-07-20 17:22:54,40.81,114.8794,70.9,85,92,6.8
391,Porbandar,IN,2021-07-20 17:22:55,21.6422,69.6093,84.18,79,75,11.5
392,Vila Franca Do Campo,PT,2021-07-20 17:22:55,37.7167,-25.4333,72.01,89,84,15.86
393,Sabang,ID,2021-07-20 17:22:55,5.8933,95.3214,82.99,78,98,22.24
394,Sipe Sipe,BO,2021-07-20 17:22:56,-17.45,-66.3833,73.89,30,98,3.27
395,Gambo,CF,2021-07-20 17:22:56,4.6482,22.2633,71.8,87,100,1.86
396,Gongzhuling,CN,2021-07-20 17:22:56,43.5008,124.8198,72.27,85,5,6.13
397,Weiser,US,2021-07-20 17:22:57,44.251,-116.9693,86.02,32,99,4.27
398,San Francisco,US,2021-07-20 17:22:01,37.7749,-122.4194,80.64,87,20,1.99
399,Bodden Town,KY,2021-07-20 17:22:57,19.2833,-81.25,91.4,69,20,3.0
400,Guerrero Negro,MX,2021-07-20 17:22:57,27.9769,-114.0611,76.57,62,85,15.21
401,Paso De Los Toros,UY,2021-07-20 17:22:58,-32.8167,-56.5167,57.54,52,2,12.06
402,Vrangel,RU,2021-07-20 17:22:58,42.7297,133.0839,72.72,95,52,1.92
403,Gurlan,UZ,2021-07-20 17:22:58,41.8447,60.3919,94.91,15,58,10.8
404,Salta,AR,2021-07-20 17:18:19,-24.7859,-65.4117,63.57,32,0,1.99
405,Bandiagara,ML,2021-07-20 17:22:59,14.3501,-3.6104,99.03,27,24,7.02
406,Hamilton,US,2021-07-20 17:22:59,39.1834,-84.5333,85.75,62,1,1.01
407,Norman Wells,CA,2021-07-20 17:23:00,65.282,-126.8329,69.84,56,20,13.8
408,Srivardhan,IN,2021-07-20 17:23:00,18.0333,73.0167,80.6,86,100,15.79
409,Chongwe,ZM,2021-07-20 17:23:00,-15.3292,28.682,60.98,44,1,4.97
410,Goderich,CA,2021-07-20 17:23:01,43.7501,-81.7165,81.03,73,3,10.36
411,Rundu,NA,2021-07-20 17:23:01,-17.9333,19.7667,62.83,25,2,2.55
412,Nara,JP,2021-07-20 17:21:20,34.6851,135.8049,80.26,94,21,2.3
413,Mirai,BR,2021-07-20 17:23:01,-21.1953,-42.6142,77.31,38,29,6.02
414,Kendari,ID,2021-07-20 17:23:02,-3.945,122.4989,73.49,95,79,3.36
415,Asau,RO,2021-07-20 17:23:02,46.4333,26.4,70.72,90,100,3.8
416,Huarmey,PE,2021-07-20 17:23:03,-10.0681,-78.1522,67.71,73,52,7.4
417,San Andres,CO,2021-07-20 17:20:08,12.5847,-81.7006,87.82,70,40,14.97
418,Gazojak,TM,2021-07-20 17:23:03,41.1875,61.4036,98.69,13,71,14.03
419,Keetmanshoop,NA,2021-07-20 17:23:04,-26.5833,18.1333,52.12,58,100,18.95
420,Kharp,RU,2021-07-20 17:23:04,66.8014,65.8081,58.68,80,77,11.92
421,Nakama,JP,2021-07-20 17:23:04,33.8167,130.7,81.01,74,99,6.11
422,Lamar,US,2021-07-20 17:18:18,33.6668,-95.5836,83.35,65,40,10.36
423,Tuatapere,NZ,2021-07-20 17:23:05,-46.1333,167.6833,42.82,91,100,6.31
424,Fram,PY,2021-07-20 17:23:05,-26.9833,-55.8833,63.19,33,78,3.65
425,Okha,RU,2021-07-20 17:23:05,53.5739,142.9478,54.0,93,100,12.71
426,Nicoya,CR,2021-07-20 17:23:05,10.1483,-85.452,87.35,62,39,5.84
427,Xichang,CN,2021-07-20 17:23:06,27.8964,102.2634,67.28,83,68,1.48
428,Kajansi,UG,2021-07-20 17:23:06,0.2081,32.5222,74.08,64,46,5.19
429,Ketchikan,US,2021-07-20 17:23:06,55.3422,-131.6461,59.47,88,90,11.5
430,Ceska Skalice,CZ,2021-07-20 17:23:07,50.3947,16.0428,69.39,66,90,3.56
431,Bria,CF,2021-07-20 17:23:07,6.5423,21.9863,71.51,90,71,0.65
432,Morondava,MG,2021-07-20 17:23:07,-20.2833,44.2833,75.22,75,18,9.86
433,Narsaq,GL,2021-07-20 17:23:08,60.9167,-46.05,50.22,88,100,4.05
434,Desaguadero,PE,2021-07-20 17:23:08,-16.5656,-69.0417,52.54,41,88,9.64
435,Taupo,NZ,2021-07-20 17:23:08,-38.6833,176.0833,35.24,93,100,2.95
436,Berdigestyakh,RU,2021-07-20 17:23:08,62.0989,126.6992,59.22,93,100,6.69
437,Padang,ID,2021-07-20 17:23:09,-0.9492,100.3543,75.25,79,100,3.83
438,Roald,NO,2021-07-20 17:23:09,62.5833,6.1333,59.05,67,20,4.61
439,Canutama,BR,2021-07-20 17:23:09,-6.5339,-64.3831,91.6,32,13,4.79
440,Poplar Bluff,US,2021-07-20 17:23:10,36.757,-90.3929,85.78,66,1,1.99
441,Xingyi,CN,2021-07-20 17:23:10,24.1877,102.817,61.9,97,100,0.78
442,Dukat,RU,2021-07-20 17:23:10,62.55,155.55,58.84,46,100,3.71
443,Kudat,MY,2021-07-20 17:23:10,6.8837,116.8477,78.73,89,20,0.0
444,Vardo,NO,2021-07-20 17:23:11,70.3705,31.1107,48.18,61,20,14.97
445,Tilichiki,RU,2021-07-20 17:23:11,60.4667,166.1,50.22,68,86,2.1
446,Lavrentiya,RU,2021-07-20 17:23:11,65.5833,-171.0,45.57,96,100,4.09
447,Sundarnagar,IN,2021-07-20 17:23:12,31.5333,76.8833,73.53,91,98,3.13
448,Golden,US,2021-07-20 17:20:20,39.7555,-105.2211,91.02,34,20,3.0
449,Falam,MM,2021-07-20 17:23:12,22.9167,93.6833,64.89,98,100,2.08
450,Banda Aceh,ID,2021-07-20 17:23:12,5.5577,95.3222,80.38,79,99,13.98
451,San Patricio,US,2021-07-20 17:23:13,28.017,-97.5169,89.58,54,99,5.53
452,Amapa,BR,2021-07-20 17:23:13,1.0,-52.0,91.35,47,24,3.89
453,Port Hawkesbury,CA,2021-07-20 17:23:13,45.6169,-61.3485,79.9,77,20,8.05
454,Victoria,HK,2021-07-20 17:23:14,22.2855,114.1577,82.38,93,100,7.0
455,Marinette,US,2021-07-20 17:21:08,45.1,-87.6307,80.29,78,90,13.8
456,Kontagora,NG,2021-07-20 17:23:14,10.3999,5.4695,83.34,65,99,0.87
457,Marawi,PH,2021-07-20 17:23:14,7.9986,124.2928,70.65,92,46,5.08
458,Senj,HR,2021-07-20 17:23:15,44.9894,14.9058,79.95,60,25,4.68
459,Te Anau,NZ,2021-07-20 17:23:15,-45.4167,167.7167,38.39,92,99,2.42
460,Gladstone,AU,2021-07-20 17:23:15,-23.85,151.25,53.53,54,0,4.61
461,Souillac,MU,2021-07-20 17:23:16,-20.5167,57.5167,70.18,88,75,18.41
462,Biltine,TD,2021-07-20 17:23:16,14.5333,20.9167,86.58,40,90,5.44
463,Kelvington,CA,2021-07-20 17:23:16,52.1667,-103.5343,62.26,84,100,10.71
464,Kieta,PG,2021-07-20 17:23:17,-6.2167,155.6333,77.83,84,84,3.78
465,Drayton Valley,CA,2021-07-20 17:23:17,53.2168,-114.9854,67.8,70,18,10.96
466,Barranca,PE,2021-07-20 17:23:17,-10.75,-77.7667,66.4,71,36,6.89
467,Port Hardy,CA,2021-07-20 17:23:18,50.6996,-127.4199,64.58,68,75,9.22
468,Norrtalje,SE,2021-07-20 17:23:18,59.758,18.705,72.21,53,75,1.45
469,Umea,SE,2021-07-20 17:23:18,63.8284,20.2597,62.53,48,40,11.5
470,Jutai,BR,2021-07-20 17:23:19,-5.1833,-68.9,87.49,41,32,4.27
471,Mata,PT,2021-07-20 17:23:19,40.683,-7.4592,88.27,28,52,9.1
472,Vestmannaeyjar,IS,2021-07-20 17:23:19,63.4427,-20.2734,54.59,87,90,23.02
473,Wingham,CA,2021-07-20 17:23:20,43.8879,-81.3114,79.39,70,6,12.12
474,Srednekolymsk,RU,2021-07-20 17:23:20,67.45,153.6833,58.73,75,82,7.23
475,Tokur,RU,2021-07-20 17:23:20,53.1333,132.9,61.65,99,100,3.62
476,Kemijarvi,FI,2021-07-20 17:23:21,66.7131,27.4306,51.98,62,95,6.6
477,Tuntum,BR,2021-07-20 17:23:21,-5.2581,-44.6489,97.36,30,23,7.27
478,Ambilobe,MG,2021-07-20 17:23:21,-13.2,49.05,73.85,65,13,9.26
479,Pemba,MZ,2021-07-20 17:23:22,-12.974,40.5178,77.7,83,75,8.05
480,Ust-Nera,RU,2021-07-20 17:23:22,64.5667,143.2,59.16,86,94,3.38
481,Bozeman,US,2021-07-20 17:23:22,45.6796,-111.0386,82.2,44,1,1.99
482,Isangel,VU,2021-07-20 17:23:22,-19.55,169.2667,73.67,89,5,6.13
483,Moultonborough,US,2021-07-20 17:23:23,43.7548,-71.3967,86.29,65,4,7.02
484,Jinji,CN,2021-07-20 17:23:23,23.2281,110.8261,76.69,92,100,5.64
485,Porto Tolle,IT,2021-07-20 17:23:23,44.9497,12.3245,89.06,53,2,9.35
486,Gama,ES,2021-07-20 17:23:24,42.748,-4.2068,87.19,40,8,16.6
487,Marsabit,KE,2021-07-20 17:23:24,2.3284,37.9899,74.75,38,72,17.4
488,Murmansk,RU,2021-07-20 17:22:41,68.0,34.0,47.79,76,100,7.58
489,Carmen,MX,2021-07-20 17:21:16,18.6333,-91.8333,84.24,74,20,11.5
490,High Level,CA,2021-07-20 17:23:24,58.5169,-117.136,68.11,73,40,0.0
491,Hopewell,US,2021-07-20 17:18:55,37.3043,-77.2872,90.55,70,98,0.76
492,Cap Malheureux,MU,2021-07-20 17:23:25,-19.9842,57.6142,70.29,87,70,8.99
493,Clyde River,CA,2021-07-20 17:23:25,70.4692,-68.5914,41.23,93,75,9.22
494,Mapastepec,MX,2021-07-20 17:23:26,15.4333,-92.9,90.0,51,43,4.83
495,Ulaangom,MN,2021-07-20 17:23:26,49.9811,92.0667,67.55,50,32,3.33
496,San Policarpo,PH,2021-07-20 17:23:26,12.1791,125.5072,81.01,77,100,9.08
497,Shelburne,CA,2021-07-20 17:22:48,44.0787,-80.2041,82.67,51,41,9.64
498,Wadi Maliz,TN,2021-07-20 17:23:27,36.4681,8.5495,92.86,31,0,10.69
499,Hervey Bay,AU,2021-07-20 17:23:27,-25.2986,152.8535,52.02,62,9,12.64
500,Waipawa,NZ,2021-07-20 17:23:27,-41.4122,175.5153,50.63,87,100,7.61
501,Pahrump,US,2021-07-20 17:22:53,36.2083,-115.9839,95.25,33,24,1.99
502,Balad,IQ,2021-07-20 17:23:28,34.0164,44.1453,108.39,5,0,15.86
503,Bazarnyy Syzgan,RU,2021-07-20 17:23:28,53.7512,46.7535,68.2,94,98,9.17
504,Mildura,AU,2021-07-20 17:19:21,-34.2,142.15,38.07,93,0,6.91
505,Chodavaram,IN,2021-07-20 17:23:29,17.8333,82.95,82.24,72,100,3.8
506,Klaksvik,FO,2021-07-20 17:23:29,62.2266,-6.589,52.72,88,45,0.34
507,Oeiras Do Para,BR,2021-07-20 17:23:29,-2.0031,-49.8544,93.87,43,9,4.56
508,Itarema,BR,2021-07-20 17:23:30,-2.9248,-39.9167,85.44,63,28,18.3
509,Bambanglipuro,ID,2021-07-20 17:23:30,-7.95,110.2833,76.08,90,12,5.59
510,Boguchany,RU,2021-07-20 17:23:30,58.3814,97.4531,55.92,91,21,0.45
511,Nome,US,2021-07-20 17:23:30,64.5011,-165.4064,54.16,100,90,8.05
512,El Alto,PE,2021-07-20 17:23:08,-4.2714,-81.2147,74.86,68,2,11.27
513,Buin,CL,2021-07-20 17:23:31,-33.7333,-70.75,77.32,10,35,1.36
514,North Charleston,US,2021-07-20 17:23:31,32.8886,-80.0075,87.93,77,75,4.61
515,Toda Raisingh,IN,2021-07-20 17:23:32,26.0252,75.4849,81.77,79,100,4.14
516,Alta Floresta,BR,2021-07-20 17:23:32,-9.8756,-56.0861,91.22,27,0,9.22
517,Ustka,PL,2021-07-20 17:23:00,54.5805,16.8619,66.9,68,17,16.98
518,Yeppoon,AU,2021-07-20 17:23:33,-23.1333,150.7333,46.18,51,2,6.06
519,Xining,CN,2021-07-20 17:23:33,36.6167,101.7667,61.09,63,44,2.3
520,Lexington,US,2021-07-20 17:22:07,37.9887,-84.4777,84.69,58,20,1.01
521,Kon Tum,VN,2021-07-20 17:23:33,14.35,108.0,70.9,96,100,2.98
522,Sao Felix Do Xingu,BR,2021-07-20 17:23:34,-6.6447,-51.995,96.31,22,5,4.68
523,Kupang,ID,2021-07-20 17:23:34,-10.1667,123.5833,75.6,84,29,11.61
524,Bukama,CD,2021-07-20 17:23:34,-9.2,25.85,79.41,26,0,3.11
525,Simbahan,PH,2021-07-20 17:23:35,6.3032,120.5836,83.14,74,73,6.85
526,Tallahassee,US,2021-07-20 17:18:39,30.4383,-84.2807,84.4,88,100,1.99
527,Kangasala,FI,2021-07-20 17:23:35,61.4638,24.076,63.86,41,50,13.91
528,Roma,US,2021-07-20 17:23:35,43.2128,-75.4557,84.83,69,20,1.99
529,Mad,HU,2021-07-20 17:23:36,48.2,21.2833,70.52,74,70,8.28
530,Korla,CN,2021-07-20 17:23:36,41.7597,86.1469,82.67,35,62,1.88
531,Port Keats,AU,2021-07-20 17:23:36,-14.25,129.55,68.88,27,98,8.32
532,Port Shepstone,ZA,2021-07-20 17:23:37,-30.7414,30.455,62.73,42,56,5.88
533,Iskateley,RU,2021-07-20 17:23:37,67.6803,53.1512,57.38,76,98,6.82
534,Cachoeira Do Sul,BR,2021-07-20 17:23:37,-30.0392,-52.8939,58.8,47,30,5.01
535,Tigil,RU,2021-07-20 17:23:38,57.8,158.6667,50.0,90,67,5.01
536,Sao Filipe,CV,2021-07-20 17:23:38,14.8961,-24.4956,74.7,80,66,6.15
537,Puerto Escondido,MX,2021-07-20 17:23:12,15.85,-97.0667,88.63,62,1,0.0
538,Maba,CN,2021-07-20 17:23:38,24.6841,113.5984,76.24,95,85,1.07
539,Slave Lake,CA,2021-07-20 17:23:39,55.2834,-114.769,62.58,82,90,16.11
540,Ulcinj,ME,2021-07-20 17:23:39,41.9294,19.2244,86.22,63,3,10.11
541,Dudinka,RU,2021-07-20 17:23:39,69.4058,86.1778,50.81,66,8,3.91
542,Suraabad,AZ,2021-07-20 17:23:40,40.8192,49.4687,84.38,69,30,2.33
543,Kathmandu,NP,2021-07-20 17:23:40,27.7167,85.3167,71.82,100,75,3.44
544,Onega,RU,2021-07-20 17:23:41,63.9061,38.1404,56.08,84,90,7.92
545,Bell Ville,AR,2021-07-20 17:23:41,-32.6259,-62.6887,67.8,29,0,14.25
546,Cayenne,GF,2021-07-20 17:23:41,4.9333,-52.3333,89.64,77,75,7.0
547,Ziarat,PK,2021-07-20 17:23:42,30.3823,67.7282,70.25,56,0,12.97
548,Dodge City,US,2021-07-20 17:23:42,37.7528,-100.0171,81.25,48,1,8.01
549,Zaragoza,ES,2021-07-20 17:23:04,41.6561,-0.8773,98.11,24,0,9.22
550,Fairbanks,US,2021-07-20 17:23:08,64.8378,-147.7164,71.1,58,1,4.61
551,Luena,AO,2021-07-20 17:23:43,-11.7833,19.9167,64.72,30,79,3.53
552,Mae Ramat,TH,2021-07-20 17:23:43,16.984,98.5166,73.58,99,100,4.0
553,Nador,MA,2021-07-20 17:22:15,35.174,-2.9287,86.07,41,0,10.36
554,Rawson,AR,2021-07-20 17:23:06,-43.3002,-65.1023,57.45,37,51,20.47
555,Mitsamiouli,KM,2021-07-20 17:23:43,-11.3847,43.2844,78.06,74,9,5.59
556,Sabancuy,MX,2021-07-20 17:23:44,18.9667,-91.1833,89.24,52,10,2.06
557,The Pas,CA,2021-07-20 17:23:44,53.8251,-101.2541,69.82,52,1,8.52
558,Wad Rawah,SD,2021-07-20 17:23:44,15.1603,33.1397,80.89,62,100,5.53
559,Zanesville,US,2021-07-20 17:20:52,39.9404,-82.0132,85.21,60,1,1.01
560,Raga,SS,2021-07-20 17:23:45,8.4596,25.678,71.4,90,90,4.34
561,Qiyang,CN,2021-07-20 17:23:45,26.5911,111.8474,77.92,89,60,0.49
562,Rizhao,CN,2021-07-20 17:23:45,35.4275,119.4553,76.69,96,97,9.55
563,Luleburgaz,TR,2021-07-20 17:23:46,41.4039,27.3592,85.37,38,15,9.35
564,Ashland,US,2021-07-20 17:20:03,40.8167,-82.2665,83.89,67,8,5.61
565,Bukachacha,RU,2021-07-20 17:23:46,52.9833,116.9167,58.42,93,59,2.19
566,Flinders,AU,2021-07-20 17:23:46,-34.5833,150.8552,52.18,61,100,8.01
567,Adwa,ET,2021-07-20 17:23:47,14.1646,38.8955,60.76,94,100,3.2
568,Rocha,UY,2021-07-20 17:23:47,-34.4833,-54.3333,57.38,51,3,12.37
569,Kruisfontein,ZA,2021-07-20 17:23:47,-34.0033,24.7314,51.89,85,100,21.94
